[
    {
        "subdivision_category": "region",
        "iso_3166_2_code": "IT-65",
        "subdivision_name": "Abruzzo",
        "abbreviation": "65"
    },
    {
        "subdivision_category": "free municipal consortium",
        "iso_3166_2_code": "IT-AG",
        "subdivision_name": "Agrigento",
        "abbreviation": "AG"
    },
    {
        "subdivision_category": "province",
        "iso_3166_2_code": "IT-AL",
        "subdivision_name": "Alessandria",
        "abbreviation": "AL"
    },
    {
        "subdivision_category": "province",
        "iso_3166_2_code": "IT-AN",
        "subdivision_name": "Ancona",
        "abbreviation": "AN"
    },
    {
        "subdivision_category": "province",
        "iso_3166_2_code": "IT-AR",
        "subdivision_name": "Arezzo",
        "abbreviation": "AR"
    },
    {
        "subdivision_category": "province",
        "iso_3166_2_code": "IT-AP",
        "subdivision_name": "Ascoli Piceno",
        "abbreviation": "AP"
    },
    {
        "subdivision_category": "province",
        "iso_3166_2_code": "IT-AT",
        "subdivision_name": "Asti",
        "abbreviation": "AT"
    },
    {
        "subdivision_category": "province",
        "iso_3166_2_code": "IT-AV",
        "subdivision_name": "Avellino",
        "abbreviation": "AV"
    },
    {
        "subdivision_category": "metropolitan city",
        "iso_3166_2_code": "IT-BA",
        "subdivision_name": "Bari",
        "abbreviation": "BA"
    },
    {
        "subdivision_category": "province",
        "iso_3166_2_code": "IT-BT",
        "subdivision_name": "Barletta-Andria-Trani",
        "abbreviation": "BT"
    },
    {
        "subdivision_category": "region",
        "iso_3166_2_code": "IT-77",
        "subdivision_name": "Basilicata",
        "abbreviation": "77"
    },
    {
        "subdivision_category": "province",
        "iso_3166_2_code": "IT-BL",
        "subdivision_name": "Belluno",
        "abbreviation": "BL"
    },
    {
        "subdivision_category": "province",
        "iso_3166_2_code": "IT-BN",
        "subdivision_name": "Benevento",
        "abbreviation": "BN"
    },
    {
        "subdivision_category": "province",
        "iso_3166_2_code": "IT-BG",
        "subdivision_name": "Bergamo",
        "abbreviation": "BG"
    },
    {
        "subdivision_category": "province",
        "iso_3166_2_code": "IT-BI",
        "subdivision_name": "Biella",
        "abbreviation": "BI"
    },
    {
        "subdivision_category": "metropolitan city",
        "iso_3166_2_code": "IT-BO",
        "subdivision_name": "Bologna",
        "abbreviation": "BO"
    },
    {
        "subdivision_category": "autonomous province",
        "iso_3166_2_code": "IT-BZ",
        "subdivision_name": "Bolzano",
        "abbreviation": "BZ"
    },
    {
        "subdivision_category": "autonomous province",
        "iso_3166_2_code": "IT-BZ",
        "subdivision_name": "Bozen",
        "abbreviation": "BZ"
    },
    {
        "subdivision_category": "province",
        "iso_3166_2_code": "IT-BS",
        "subdivision_name": "Brescia",
        "abbreviation": "BS"
    },
    {
        "subdivision_category": "province",
        "iso_3166_2_code": "IT-BR",
        "subdivision_name": "Brindisi",
        "abbreviation": "BR"
    },
    {
        "subdivision_category": "metropolitan city",
        "iso_3166_2_code": "IT-CA",
        "subdivision_name": "Cagliari",
        "abbreviation": "CA"
    },
    {
        "subdivision_category": "region",
        "iso_3166_2_code": "IT-78",
        "subdivision_name": "Calabria",
        "abbreviation": "78"
    },
    {
        "subdivision_category": "free municipal consortium",
        "iso_3166_2_code": "IT-CL",
        "subdivision_name": "Caltanissetta",
        "abbreviation": "CL"
    },
    {
        "subdivision_category": "region",
        "iso_3166_2_code": "IT-72",
        "subdivision_name": "Campania",
        "abbreviation": "72"
    },
    {
        "subdivision_category": "province",
        "iso_3166_2_code": "IT-CB",
        "subdivision_name": "Campobasso",
        "abbreviation": "CB"
    },
    {
        "subdivision_category": "province",
        "iso_3166_2_code": "IT-CE",
        "subdivision_name": "Caserta",
        "abbreviation": "CE"
    },
    {
        "subdivision_category": "metropolitan city",
        "iso_3166_2_code": "IT-CT",
        "subdivision_name": "Catania",
        "abbreviation": "CT"
    },
    {
        "subdivision_category": "province",
        "iso_3166_2_code": "IT-CZ",
        "subdivision_name": "Catanzaro",
        "abbreviation": "CZ"
    },
    {
        "subdivision_category": "province",
        "iso_3166_2_code": "IT-CH",
        "subdivision_name": "Chieti",
        "abbreviation": "CH"
    },
    {
        "subdivision_category": "province",
        "iso_3166_2_code": "IT-CO",
        "subdivision_name": "Como",
        "abbreviation": "CO"
    },
    {
        "subdivision_category": "province",
        "iso_3166_2_code": "IT-CS",
        "subdivision_name": "Cosenza",
        "abbreviation": "CS"
    },
    {
        "subdivision_category": "province",
        "iso_3166_2_code": "IT-CR",
        "subdivision_name": "Cremona",
        "abbreviation": "CR"
    },
    {
        "subdivision_category": "province",
        "iso_3166_2_code": "IT-KR",
        "subdivision_name": "Crotone",
        "abbreviation": "KR"
    },
    {
        "subdivision_category": "province",
        "iso_3166_2_code": "IT-CN",
        "subdivision_name": "Cuneo",
        "abbreviation": "CN"
    },
    {
        "subdivision_category": "region",
        "iso_3166_2_code": "IT-45",
        "subdivision_name": "Emilia-Romagna",
        "abbreviation": "45"
    },
    {
        "subdivision_category": "free municipal consortium",
        "iso_3166_2_code": "IT-EN",
        "subdivision_name": "Enna",
        "abbreviation": "EN"
    },
    {
        "subdivision_category": "province",
        "iso_3166_2_code": "IT-FM",
        "subdivision_name": "Fermo",
        "abbreviation": "FM"
    },
    {
        "subdivision_category": "province",
        "iso_3166_2_code": "IT-FE",
        "subdivision_name": "Ferrara",
        "abbreviation": "FE"
    },
    {
        "subdivision_category": "metropolitan city",
        "iso_3166_2_code": "IT-FI",
        "subdivision_name": "Firenze",
        "abbreviation": "FI"
    },
    {
        "subdivision_category": "province",
        "iso_3166_2_code": "IT-FG",
        "subdivision_name": "Foggia",
        "abbreviation": "FG"
    },
    {
        "subdivision_category": "province",
        "iso_3166_2_code": "IT-FC",
        "subdivision_name": "Forlì-Cesena",
        "abbreviation": "FC"
    },
    {
        "subdivision_category": "autonomous region",
        "iso_3166_2_code": "IT-36",
        "subdivision_name": "Friuli Venezia Giulia",
        "abbreviation": "36"
    },
    {
        "subdivision_category": "province",
        "iso_3166_2_code": "IT-FR",
        "subdivision_name": "Frosinone",
        "abbreviation": "FR"
    },
    {
        "subdivision_category": "metropolitan city",
        "iso_3166_2_code": "IT-GE",
        "subdivision_name": "Genova",
        "abbreviation": "GE"
    },
    {
        "subdivision_category": "decentralized regional entity",
        "iso_3166_2_code": "IT-GO",
        "subdivision_name": "Gorizia",
        "abbreviation": "GO"
    },
    {
        "subdivision_category": "province",
        "iso_3166_2_code": "IT-GR",
        "subdivision_name": "Grosseto",
        "abbreviation": "GR"
    },
    {
        "subdivision_category": "province",
        "iso_3166_2_code": "IT-IM",
        "subdivision_name": "Imperia",
        "abbreviation": "IM"
    },
    {
        "subdivision_category": "province",
        "iso_3166_2_code": "IT-IS",
        "subdivision_name": "Isernia",
        "abbreviation": "IS"
    },
    {
        "subdivision_category": "province",
        "iso_3166_2_code": "IT-AQ",
        "subdivision_name": "L'Aquila",
        "abbreviation": "AQ"
    },
    {
        "subdivision_category": "province",
        "iso_3166_2_code": "IT-SP",
        "subdivision_name": "La Spezia",
        "abbreviation": "SP"
    },
    {
        "subdivision_category": "province",
        "iso_3166_2_code": "IT-LT",
        "subdivision_name": "Latina",
        "abbreviation": "LT"
    },
    {
        "subdivision_category": "region",
        "iso_3166_2_code": "IT-62",
        "subdivision_name": "Lazio",
        "abbreviation": "62"
    },
    {
        "subdivision_category": "province",
        "iso_3166_2_code": "IT-LE",
        "subdivision_name": "Lecce",
        "abbreviation": "LE"
    },
    {
        "subdivision_category": "province",
        "iso_3166_2_code": "IT-LC",
        "subdivision_name": "Lecco",
        "abbreviation": "LC"
    },
    {
        "subdivision_category": "region",
        "iso_3166_2_code": "IT-42",
        "subdivision_name": "Liguria",
        "abbreviation": "42"
    },
    {
        "subdivision_category": "province",
        "iso_3166_2_code": "IT-LI",
        "subdivision_name": "Livorno",
        "abbreviation": "LI"
    },
    {
        "subdivision_category": "province",
        "iso_3166_2_code": "IT-LO",
        "subdivision_name": "Lodi",
        "abbreviation": "LO"
    },
    {
        "subdivision_category": "region",
        "iso_3166_2_code": "IT-25",
        "subdivision_name": "Lombardia",
        "abbreviation": "25"
    },
    {
        "subdivision_category": "province",
        "iso_3166_2_code": "IT-LU",
        "subdivision_name": "Lucca",
        "abbreviation": "LU"
    },
    {
        "subdivision_category": "province",
        "iso_3166_2_code": "IT-MC",
        "subdivision_name": "Macerata",
        "abbreviation": "MC"
    },
    {
        "subdivision_category": "province",
        "iso_3166_2_code": "IT-MN",
        "subdivision_name": "Mantova",
        "abbreviation": "MN"
    },
    {
        "subdivision_category": "region",
        "iso_3166_2_code": "IT-57",
        "subdivision_name": "Marche",
        "abbreviation": "57"
    },
    {
        "subdivision_category": "province",
        "iso_3166_2_code": "IT-MS",
        "subdivision_name": "Massa-Carrara",
        "abbreviation": "MS"
    },
    {
        "subdivision_category": "province",
        "iso_3166_2_code": "IT-MT",
        "subdivision_name": "Matera",
        "abbreviation": "MT"
    },
    {
        "subdivision_category": "metropolitan city",
        "iso_3166_2_code": "IT-ME",
        "subdivision_name": "Messina",
        "abbreviation": "ME"
    },
    {
        "subdivision_category": "metropolitan city",
        "iso_3166_2_code": "IT-MI",
        "subdivision_name": "Milano",
        "abbreviation": "MI"
    },
    {
        "subdivision_category": "province",
        "iso_3166_2_code": "IT-MO",
        "subdivision_name": "Modena",
        "abbreviation": "MO"
    },
    {
        "subdivision_category": "region",
        "iso_3166_2_code": "IT-67",
        "subdivision_name": "Molise",
        "abbreviation": "67"
    },
    {
        "subdivision_category": "province",
        "iso_3166_2_code": "IT-MB",
        "subdivision_name": "Monza e Brianza",
        "abbreviation": "MB"
    },
    {
        "subdivision_category": "metropolitan city",
        "iso_3166_2_code": "IT-NA",
        "subdivision_name": "Napoli",
        "abbreviation": "NA"
    },
    {
        "subdivision_category": "province",
        "iso_3166_2_code": "IT-NO",
        "subdivision_name": "Novara",
        "abbreviation": "NO"
    },
    {
        "subdivision_category": "province",
        "iso_3166_2_code": "IT-NU",
        "subdivision_name": "Nuoro",
        "abbreviation": "NU"
    },
    {
        "subdivision_category": "province",
        "iso_3166_2_code": "IT-OR",
        "subdivision_name": "Oristano",
        "abbreviation": "OR"
    },
    {
        "subdivision_category": "province",
        "iso_3166_2_code": "IT-PD",
        "subdivision_name": "Padova",
        "abbreviation": "PD"
    },
    {
        "subdivision_category": "metropolitan city",
        "iso_3166_2_code": "IT-PA",
        "subdivision_name": "Palermo",
        "abbreviation": "PA"
    },
    {
        "subdivision_category": "province",
        "iso_3166_2_code": "IT-PR",
        "subdivision_name": "Parma",
        "abbreviation": "PR"
    },
    {
        "subdivision_category": "province",
        "iso_3166_2_code": "IT-PV",
        "subdivision_name": "Pavia",
        "abbreviation": "PV"
    },
    {
        "subdivision_category": "province",
        "iso_3166_2_code": "IT-PG",
        "subdivision_name": "Perugia",
        "abbreviation": "PG"
    },
    {
        "subdivision_category": "province",
        "iso_3166_2_code": "IT-PU",
        "subdivision_name": "Pesaro e Urbino",
        "abbreviation": "PU"
    },
    {
        "subdivision_category": "province",
        "iso_3166_2_code": "IT-PE",
        "subdivision_name": "Pescara",
        "abbreviation": "PE"
    },
    {
        "subdivision_category": "province",
        "iso_3166_2_code": "IT-PC",
        "subdivision_name": "Piacenza",
        "abbreviation": "PC"
    },
    {
        "subdivision_category": "region",
        "iso_3166_2_code": "IT-21",
        "subdivision_name": "Piemonte",
        "abbreviation": "21"
    },
    {
        "subdivision_category": "province",
        "iso_3166_2_code": "IT-PI",
        "subdivision_name": "Pisa",
        "abbreviation": "PI"
    },
    {
        "subdivision_category": "province",
        "iso_3166_2_code": "IT-PT",
        "subdivision_name": "Pistoia",
        "abbreviation": "PT"
    },
    {
        "subdivision_category": "decentralized regional entity",
        "iso_3166_2_code": "IT-PN",
        "subdivision_name": "Pordenone",
        "abbreviation": "PN"
    },
    {
        "subdivision_category": "province",
        "iso_3166_2_code": "IT-PZ",
        "subdivision_name": "Potenza",
        "abbreviation": "PZ"
    },
    {
        "subdivision_category": "province",
        "iso_3166_2_code": "IT-PO",
        "subdivision_name": "Prato",
        "abbreviation": "PO"
    },
    {
        "subdivision_category": "region",
        "iso_3166_2_code": "IT-75",
        "subdivision_name": "Puglia",
        "abbreviation": "75"
    },
    {
        "subdivision_category": "free municipal consortium",
        "iso_3166_2_code": "IT-RG",
        "subdivision_name": "Ragusa",
        "abbreviation": "RG"
    },
    {
        "subdivision_category": "province",
        "iso_3166_2_code": "IT-RA",
        "subdivision_name": "Ravenna",
        "abbreviation": "RA"
    },
    {
        "subdivision_category": "metropolitan city",
        "iso_3166_2_code": "IT-RC",
        "subdivision_name": "Reggio Calabria",
        "abbreviation": "RC"
    },
    {
        "subdivision_category": "province",
        "iso_3166_2_code": "IT-RE",
        "subdivision_name": "Reggio Emilia",
        "abbreviation": "RE"
    },
    {
        "subdivision_category": "province",
        "iso_3166_2_code": "IT-RI",
        "subdivision_name": "Rieti",
        "abbreviation": "RI"
    },
    {
        "subdivision_category": "province",
        "iso_3166_2_code": "IT-RN",
        "subdivision_name": "Rimini",
        "abbreviation": "RN"
    },
    {
        "subdivision_category": "metropolitan city",
        "iso_3166_2_code": "IT-RM",
        "subdivision_name": "Roma",
        "abbreviation": "RM"
    },
    {
        "subdivision_category": "province",
        "iso_3166_2_code": "IT-RO",
        "subdivision_name": "Rovigo",
        "abbreviation": "RO"
    },
    {
        "subdivision_category": "province",
        "iso_3166_2_code": "IT-SA",
        "subdivision_name": "Salerno",
        "abbreviation": "SA"
    },
    {
        "subdivision_category": "autonomous region",
        "iso_3166_2_code": "IT-88",
        "subdivision_name": "Sardegna",
        "abbreviation": "88"
    },
    {
        "subdivision_category": "province",
        "iso_3166_2_code": "IT-SS",
        "subdivision_name": "Sassari",
        "abbreviation": "SS"
    },
    {
        "subdivision_category": "province",
        "iso_3166_2_code": "IT-SV",
        "subdivision_name": "Savona",
        "abbreviation": "SV"
    },
    {
        "subdivision_category": "autonomous region",
        "iso_3166_2_code": "IT-82",
        "subdivision_name": "Sicilia",
        "abbreviation": "82"
    },
    {
        "subdivision_category": "province",
        "iso_3166_2_code": "IT-SI",
        "subdivision_name": "Siena",
        "abbreviation": "SI"
    },
    {
        "subdivision_category": "free municipal consortium",
        "iso_3166_2_code": "IT-SR",
        "subdivision_name": "Siracusa",
        "abbreviation": "SR"
    },
    {
        "subdivision_category": "province",
        "iso_3166_2_code": "IT-SO",
        "subdivision_name": "Sondrio",
        "abbreviation": "SO"
    },
    {
        "subdivision_category": "province",
        "iso_3166_2_code": "IT-SU",
        "subdivision_name": "Sud Sardegna",
        "abbreviation": "SU"
    },
    {
        "subdivision_category": "province",
        "iso_3166_2_code": "IT-TA",
        "subdivision_name": "Taranto",
        "abbreviation": "TA"
    },
    {
        "subdivision_category": "province",
        "iso_3166_2_code": "IT-TE",
        "subdivision_name": "Teramo",
        "abbreviation": "TE"
    },
    {
        "subdivision_category": "province",
        "iso_3166_2_code": "IT-TR",
        "subdivision_name": "Terni",
        "abbreviation": "TR"
    },
    {
        "subdivision_category": "metropolitan city",
        "iso_3166_2_code": "IT-TO",
        "subdivision_name": "Torino",
        "abbreviation": "TO"
    },
    {
        "subdivision_category": "region",
        "iso_3166_2_code": "IT-52",
        "subdivision_name": "Toscana",
        "abbreviation": "52"
    },
    {
        "subdivision_category": "free municipal consortium",
        "iso_3166_2_code": "IT-TP",
        "subdivision_name": "Trapani",
        "abbreviation": "TP"
    },
    {
        "subdivision_category": "autonomous region",
        "iso_3166_2_code": "IT-32",
        "subdivision_name": "Trentino-Alto Adige",
        "abbreviation": "32"
    },
    {
        "subdivision_category": "autonomous region",
        "iso_3166_2_code": "IT-32",
        "subdivision_name": "Trentino-Südtirol",
        "abbreviation": "32"
    },
    {
        "subdivision_category": "autonomous province",
        "iso_3166_2_code": "IT-TN",
        "subdivision_name": "Trento",
        "abbreviation": "TN"
    },
    {
        "subdivision_category": "province",
        "iso_3166_2_code": "IT-TV",
        "subdivision_name": "Treviso",
        "abbreviation": "TV"
    },
    {
        "subdivision_category": "decentralized regional entity",
        "iso_3166_2_code": "IT-TS",
        "subdivision_name": "Trieste",
        "abbreviation": "TS"
    },
    {
        "subdivision_category": "decentralized regional entity",
        "iso_3166_2_code": "IT-UD",
        "subdivision_name": "Udine",
        "abbreviation": "UD"
    },
    {
        "subdivision_category": "region",
        "iso_3166_2_code": "IT-55",
        "subdivision_name": "Umbria",
        "abbreviation": "55"
    },
    {
        "subdivision_category": "autonomous region",
        "iso_3166_2_code": "IT-23",
        "subdivision_name": "Val d'Aoste",
        "abbreviation": "23"
    },
    {
        "subdivision_category": "autonomous region",
        "iso_3166_2_code": "IT-23",
        "subdivision_name": "Valle d'Aosta",
        "abbreviation": "23"
    },
    {
        "subdivision_category": "province",
        "iso_3166_2_code": "IT-VA",
        "subdivision_name": "Varese",
        "abbreviation": "VA"
    },
    {
        "subdivision_category": "region",
        "iso_3166_2_code": "IT-34",
        "subdivision_name": "Veneto",
        "abbreviation": "34"
    },
    {
        "subdivision_category": "metropolitan city",
        "iso_3166_2_code": "IT-VE",
        "subdivision_name": "Venezia",
        "abbreviation": "VE"
    },
    {
        "subdivision_category": "province",
        "iso_3166_2_code": "IT-VB",
        "subdivision_name": "Verbano-Cusio-Ossola",
        "abbreviation": "VB"
    },
    {
        "subdivision_category": "province",
        "iso_3166_2_code": "IT-VC",
        "subdivision_name": "Vercelli",
        "abbreviation": "VC"
    },
    {
        "subdivision_category": "province",
        "iso_3166_2_code": "IT-VR",
        "subdivision_name": "Verona",
        "abbreviation": "VR"
    },
    {
        "subdivision_category": "province",
        "iso_3166_2_code": "IT-VV",
        "subdivision_name": "Vibo Valentia",
        "abbreviation": "VV"
    },
    {
        "subdivision_category": "province",
        "iso_3166_2_code": "IT-VI",
        "subdivision_name": "Vicenza",
        "abbreviation": "VI"
    },
    {
        "subdivision_category": "province",
        "iso_3166_2_code": "IT-VT",
        "subdivision_name": "Viterbo",
        "abbreviation": "VT"
    }
]